abn,legal_name,guessed_domain,email,method
11000002568,TOOHEYS PTY LIMITED,tooheys.com.au,info@tooheys.com.au,guess_mx
11000002568,TOOHEYS PTY LIMITED,tooheys.com.au,contact@tooheys.com.au,guess_mx
11000002568,TOOHEYS PTY LIMITED,tooheys.com.au,hello@tooheys.com.au,guess_mx
11000002568,TOOHEYS PTY LIMITED,tooheys.com.au,enquiries@tooheys.com.au,guess_mx
11000002568,TOOHEYS PTY LIMITED,tooheys.com.au,enquiry@tooheys.com.au,guess_mx
11000002568,TOOHEYS PTY LIMITED,tooheys.com.au,sales@tooheys.com.au,guess_mx
11000002568,TOOHEYS PTY LIMITED,tooheys.com.au,support@tooheys.com.au,guess_mx
11000002568,TOOHEYS PTY LIMITED,tooheys.com.au,admin@tooheys.com.au,guess_mx
11000003314,NEWCASTLE GOLF CLUB LTD,newcastlegolfclub.com.au,info@newcastlegolfclub.com.au,guess_mx
11000003314,NEWCASTLE GOLF CLUB LTD,newcastlegolfclub.com.au,contact@newcastlegolfclub.com.au,guess_mx
11000003314,NEWCASTLE GOLF CLUB LTD,newcastlegolfclub.com.au,hello@newcastlegolfclub.com.au,guess_mx
11000003314,NEWCASTLE GOLF CLUB LTD,newcastlegolfclub.com.au,enquiries@newcastlegolfclub.com.au,guess_mx
11000003314,NEWCASTLE GOLF CLUB LTD,newcastlegolfclub.com.au,enquiry@newcastlegolfclub.com.au,guess_mx
11000003314,NEWCASTLE GOLF CLUB LTD,newcastlegolfclub.com.au,sales@newcastlegolfclub.com.au,guess_mx
11000003314,NEWCASTLE GOLF CLUB LTD,newcastlegolfclub.com.au,support@newcastlegolfclub.com.au,guess_mx
11000003314,NEWCASTLE GOLF CLUB LTD,newcastlegolfclub.com.au,admin@newcastlegolfclub.com.au,guess_mx
11000003378,BBC HARDWARE LIMITED,bbchardware.com,info@bbchardware.com,guess_mx
11000003378,BBC HARDWARE LIMITED,bbchardware.com,contact@bbchardware.com,guess_mx
11000003378,BBC HARDWARE LIMITED,bbchardware.com,hello@bbchardware.com,guess_mx
11000003378,BBC HARDWARE LIMITED,bbchardware.com,enquiries@bbchardware.com,guess_mx
11000003378,BBC HARDWARE LIMITED,bbchardware.com,enquiry@bbchardware.com,guess_mx
11000003378,BBC HARDWARE LIMITED,bbchardware.com,sales@bbchardware.com,guess_mx
11000003378,BBC HARDWARE LIMITED,bbchardware.com,support@bbchardware.com,guess_mx
11000003378,BBC HARDWARE LIMITED,bbchardware.com,admin@bbchardware.com,guess_mx
11000009496,PIONEER STEEL PTY LTD,pioneer-steel.com,info@pioneer-steel.com,guess_mx
11000009496,PIONEER STEEL PTY LTD,pioneer-steel.com,contact@pioneer-steel.com,guess_mx
11000009496,PIONEER STEEL PTY LTD,pioneer-steel.com,hello@pioneer-steel.com,guess_mx
11000009496,PIONEER STEEL PTY LTD,pioneer-steel.com,enquiries@pioneer-steel.com,guess_mx
11000009496,PIONEER STEEL PTY LTD,pioneer-steel.com,enquiry@pioneer-steel.com,guess_mx
11000009496,PIONEER STEEL PTY LTD,pioneer-steel.com,sales@pioneer-steel.com,guess_mx
11000009496,PIONEER STEEL PTY LTD,pioneer-steel.com,support@pioneer-steel.com,guess_mx
11000009496,PIONEER STEEL PTY LTD,pioneer-steel.com,admin@pioneer-steel.com,guess_mx
11000016722,INSURANCE AUSTRALIA LIMITED,insurance.com.au,info@insurance.com.au,guess_mx
11000016722,INSURANCE AUSTRALIA LIMITED,insurance.com.au,contact@insurance.com.au,guess_mx
11000016722,INSURANCE AUSTRALIA LIMITED,insurance.com.au,hello@insurance.com.au,guess_mx
11000016722,INSURANCE AUSTRALIA LIMITED,insurance.com.au,enquiries@insurance.com.au,guess_mx
11000016722,INSURANCE AUSTRALIA LIMITED,insurance.com.au,enquiry@insurance.com.au,guess_mx
11000016722,INSURANCE AUSTRALIA LIMITED,insurance.com.au,sales@insurance.com.au,guess_mx
11000016722,INSURANCE AUSTRALIA LIMITED,insurance.com.au,support@insurance.com.au,guess_mx
11000016722,INSURANCE AUSTRALIA LIMITED,insurance.com.au,admin@insurance.com.au,guess_mx
11000037409,FOREST COACH LINES PTY LTD,forestcoachlines.com.au,info@forestcoachlines.com.au,guess_mx
11000037409,FOREST COACH LINES PTY LTD,forestcoachlines.com.au,contact@forestcoachlines.com.au,guess_mx
11000037409,FOREST COACH LINES PTY LTD,forestcoachlines.com.au,hello@forestcoachlines.com.au,guess_mx
11000037409,FOREST COACH LINES PTY LTD,forestcoachlines.com.au,enquiries@forestcoachlines.com.au,guess_mx
11000037409,FOREST COACH LINES PTY LTD,forestcoachlines.com.au,enquiry@forestcoachlines.com.au,guess_mx
11000037409,FOREST COACH LINES PTY LTD,forestcoachlines.com.au,sales@forestcoachlines.com.au,guess_mx
11000037409,FOREST COACH LINES PTY LTD,forestcoachlines.com.au,support@forestcoachlines.com.au,guess_mx
11000037409,FOREST COACH LINES PTY LTD,forestcoachlines.com.au,admin@forestcoachlines.com.au,guess_mx
11000042642,DABEE PTY LTD,dabee.com,info@dabee.com,guess_mx
11000042642,DABEE PTY LTD,dabee.com,contact@dabee.com,guess_mx
11000042642,DABEE PTY LTD,dabee.com,hello@dabee.com,guess_mx
11000042642,DABEE PTY LTD,dabee.com,enquiries@dabee.com,guess_mx
11000042642,DABEE PTY LTD,dabee.com,enquiry@dabee.com,guess_mx
11000042642,DABEE PTY LTD,dabee.com,sales@dabee.com,guess_mx
11000042642,DABEE PTY LTD,dabee.com,support@dabee.com,guess_mx
11000042642,DABEE PTY LTD,dabee.com,admin@dabee.com,guess_mx
11000047129,DAVID DONALDSON PTY LTD,daviddonaldson.com,info@daviddonaldson.com,guess_mx
11000047129,DAVID DONALDSON PTY LTD,daviddonaldson.com,contact@daviddonaldson.com,guess_mx
11000047129,DAVID DONALDSON PTY LTD,daviddonaldson.com,hello@daviddonaldson.com,guess_mx
11000047129,DAVID DONALDSON PTY LTD,daviddonaldson.com,enquiries@daviddonaldson.com,guess_mx
11000047129,DAVID DONALDSON PTY LTD,daviddonaldson.com,enquiry@daviddonaldson.com,guess_mx
11000047129,DAVID DONALDSON PTY LTD,daviddonaldson.com,sales@daviddonaldson.com,guess_mx
11000047129,DAVID DONALDSON PTY LTD,daviddonaldson.com,support@daviddonaldson.com,guess_mx
11000047129,DAVID DONALDSON PTY LTD,daviddonaldson.com,admin@daviddonaldson.com,guess_mx
11000062082,DIWING PTY LTD,diwing.com,info@diwing.com,guess_mx
11000062082,DIWING PTY LTD,diwing.com,contact@diwing.com,guess_mx
11000062082,DIWING PTY LTD,diwing.com,hello@diwing.com,guess_mx
11000062082,DIWING PTY LTD,diwing.com,enquiries@diwing.com,guess_mx
11000062082,DIWING PTY LTD,diwing.com,enquiry@diwing.com,guess_mx
11000062082,DIWING PTY LTD,diwing.com,sales@diwing.com,guess_mx
11000062082,DIWING PTY LTD,diwing.com,support@diwing.com,guess_mx
11000062082,DIWING PTY LTD,diwing.com,admin@diwing.com,guess_mx
11000073049,JAC AND JACK PTY LTD,jacandjack.com,info@jacandjack.com,guess_mx
11000073049,JAC AND JACK PTY LTD,jacandjack.com,contact@jacandjack.com,guess_mx
11000073049,JAC AND JACK PTY LTD,jacandjack.com,hello@jacandjack.com,guess_mx
11000073049,JAC AND JACK PTY LTD,jacandjack.com,enquiries@jacandjack.com,guess_mx
11000073049,JAC AND JACK PTY LTD,jacandjack.com,enquiry@jacandjack.com,guess_mx
11000073049,JAC AND JACK PTY LTD,jacandjack.com,sales@jacandjack.com,guess_mx
11000073049,JAC AND JACK PTY LTD,jacandjack.com,support@jacandjack.com,guess_mx
11000073049,JAC AND JACK PTY LTD,jacandjack.com,admin@jacandjack.com,guess_mx
11000073870,INTEGRICARE LIMITED,integricare.com.au,info@integricare.com.au,guess_mx
11000073870,INTEGRICARE LIMITED,integricare.com.au,contact@integricare.com.au,guess_mx
11000073870,INTEGRICARE LIMITED,integricare.com.au,hello@integricare.com.au,guess_mx
11000073870,INTEGRICARE LIMITED,integricare.com.au,enquiries@integricare.com.au,guess_mx
11000073870,INTEGRICARE LIMITED,integricare.com.au,enquiry@integricare.com.au,guess_mx
11000073870,INTEGRICARE LIMITED,integricare.com.au,sales@integricare.com.au,guess_mx
11000073870,INTEGRICARE LIMITED,integricare.com.au,support@integricare.com.au,guess_mx
11000073870,INTEGRICARE LIMITED,integricare.com.au,admin@integricare.com.au,guess_mx
11000081970,GRAFTON DISTRICT ANGLERS CLUB,graftondistrictanglersclub.com.au,info@graftondistrictanglersclub.com.au,guess_mx
11000081970,GRAFTON DISTRICT ANGLERS CLUB,graftondistrictanglersclub.com.au,contact@graftondistrictanglersclub.com.au,guess_mx
11000081970,GRAFTON DISTRICT ANGLERS CLUB,graftondistrictanglersclub.com.au,hello@graftondistrictanglersclub.com.au,guess_mx
11000081970,GRAFTON DISTRICT ANGLERS CLUB,graftondistrictanglersclub.com.au,enquiries@graftondistrictanglersclub.com.au,guess_mx
11000081970,GRAFTON DISTRICT ANGLERS CLUB,graftondistrictanglersclub.com.au,enquiry@graftondistrictanglersclub.com.au,guess_mx
11000081970,GRAFTON DISTRICT ANGLERS CLUB,graftondistrictanglersclub.com.au,sales@graftondistrictanglersclub.com.au,guess_mx
11000081970,GRAFTON DISTRICT ANGLERS CLUB,graftondistrictanglersclub.com.au,support@graftondistrictanglersclub.com.au,guess_mx
11000081970,GRAFTON DISTRICT ANGLERS CLUB,graftondistrictanglersclub.com.au,admin@graftondistrictanglersclub.com.au,guess_mx
11000087203,GLENN WADE PTY LTD,glennwade.com,info@glennwade.com,guess_mx
11000087203,GLENN WADE PTY LTD,glennwade.com,contact@glennwade.com,guess_mx
11000087203,GLENN WADE PTY LTD,glennwade.com,hello@glennwade.com,guess_mx
11000087203,GLENN WADE PTY LTD,glennwade.com,enquiries@glennwade.com,guess_mx
11000087203,GLENN WADE PTY LTD,glennwade.com,enquiry@glennwade.com,guess_mx
11000087203,GLENN WADE PTY LTD,glennwade.com,sales@glennwade.com,guess_mx
11000087203,GLENN WADE PTY LTD,glennwade.com,support@glennwade.com,guess_mx
11000087203,GLENN WADE PTY LTD,glennwade.com,admin@glennwade.com,guess_mx
11000095303,KINGSLEY INVESTMENTS PTY LTD,kingsleyinvestments.com,info@kingsleyinvestments.com,guess_mx
11000095303,KINGSLEY INVESTMENTS PTY LTD,kingsleyinvestments.com,contact@kingsleyinvestments.com,guess_mx
11000095303,KINGSLEY INVESTMENTS PTY LTD,kingsleyinvestments.com,hello@kingsleyinvestments.com,guess_mx
11000095303,KINGSLEY INVESTMENTS PTY LTD,kingsleyinvestments.com,enquiries@kingsleyinvestments.com,guess_mx
11000095303,KINGSLEY INVESTMENTS PTY LTD,kingsleyinvestments.com,enquiry@kingsleyinvestments.com,guess_mx
11000095303,KINGSLEY INVESTMENTS PTY LTD,kingsleyinvestments.com,sales@kingsleyinvestments.com,guess_mx
11000095303,KINGSLEY INVESTMENTS PTY LTD,kingsleyinvestments.com,support@kingsleyinvestments.com,guess_mx
11000095303,KINGSLEY INVESTMENTS PTY LTD,kingsleyinvestments.com,admin@kingsleyinvestments.com,guess_mx
11000114732,ADVANCE COMMERCIAL FINANCE LTD,advancecommercialfinance.com,info@advancecommercialfinance.com,guess_mx
11000114732,ADVANCE COMMERCIAL FINANCE LTD,advancecommercialfinance.com,contact@advancecommercialfinance.com,guess_mx
11000114732,ADVANCE COMMERCIAL FINANCE LTD,advancecommercialfinance.com,hello@advancecommercialfinance.com,guess_mx
11000114732,ADVANCE COMMERCIAL FINANCE LTD,advancecommercialfinance.com,enquiries@advancecommercialfinance.com,guess_mx
11000114732,ADVANCE COMMERCIAL FINANCE LTD,advancecommercialfinance.com,enquiry@advancecommercialfinance.com,guess_mx
11000114732,ADVANCE COMMERCIAL FINANCE LTD,advancecommercialfinance.com,sales@advancecommercialfinance.com,guess_mx
11000114732,ADVANCE COMMERCIAL FINANCE LTD,advancecommercialfinance.com,support@advancecommercialfinance.com,guess_mx
11000114732,ADVANCE COMMERCIAL FINANCE LTD,advancecommercialfinance.com,admin@advancecommercialfinance.com,guess_mx
11000119219,MARK A WARREN PTY LTD,markawarren.com,info@markawarren.com,guess_mx
11000119219,MARK A WARREN PTY LTD,markawarren.com,contact@markawarren.com,guess_mx
11000119219,MARK A WARREN PTY LTD,markawarren.com,hello@markawarren.com,guess_mx
11000119219,MARK A WARREN PTY LTD,markawarren.com,enquiries@markawarren.com,guess_mx
11000119219,MARK A WARREN PTY LTD,markawarren.com,enquiry@markawarren.com,guess_mx
11000119219,MARK A WARREN PTY LTD,markawarren.com,sales@markawarren.com,guess_mx
11000119219,MARK A WARREN PTY LTD,markawarren.com,support@markawarren.com,guess_mx
11000119219,MARK A WARREN PTY LTD,markawarren.com,admin@markawarren.com,guess_mx
11000131742,NORFOLK PTY LTD,norfolk.net.au,info@norfolk.net.au,guess_mx
11000131742,NORFOLK PTY LTD,norfolk.net.au,contact@norfolk.net.au,guess_mx
11000131742,NORFOLK PTY LTD,norfolk.net.au,hello@norfolk.net.au,guess_mx
11000131742,NORFOLK PTY LTD,norfolk.net.au,enquiries@norfolk.net.au,guess_mx
11000131742,NORFOLK PTY LTD,norfolk.net.au,enquiry@norfolk.net.au,guess_mx
11000131742,NORFOLK PTY LTD,norfolk.net.au,sales@norfolk.net.au,guess_mx
11000131742,NORFOLK PTY LTD,norfolk.net.au,support@norfolk.net.au,guess_mx
11000131742,NORFOLK PTY LTD,norfolk.net.au,admin@norfolk.net.au,guess_mx
11000138670,MOREAS PTY LTD,moreas.com,info@moreas.com,guess_mx
11000138670,MOREAS PTY LTD,moreas.com,contact@moreas.com,guess_mx
11000138670,MOREAS PTY LTD,moreas.com,hello@moreas.com,guess_mx
11000138670,MOREAS PTY LTD,moreas.com,enquiries@moreas.com,guess_mx
11000138670,MOREAS PTY LTD,moreas.com,enquiry@moreas.com,guess_mx
11000138670,MOREAS PTY LTD,moreas.com,sales@moreas.com,guess_mx
11000138670,MOREAS PTY LTD,moreas.com,support@moreas.com,guess_mx
11000138670,MOREAS PTY LTD,moreas.com,admin@moreas.com,guess_mx
